{
  "type": "origins:stacking_status_effect",
	"condition": {
	"type": "origins:fall_flying",
	"inverted": true
	},
  "min_stacks": 0,
  "max_stacks": 1,
  "duration_per_stack": 20,
  "effects": [ 
	{
      	"effect": "minecraft:weakness",
	"amplifier": 0,
      	"is_ambient": true,
      	"show_particles": false,
      	"show_icon": true
	},
	{
	"effect": "minecraft:slowness",
	"amplifier": 1,
      	"is_ambient": true,
      	"show_particles": false,
      	"show_icon": true
	}
  ],
  "name": "Weak Legs",
  "description": "Your body isn't built for walking, on land you're weaker and slower."
}