{
	"type": "origins:self_action_on_hit",
	"entity_action": {
		"type": "origins:and",
		"actions": [
			{
				"type": "origins:apply_effect",
				"effect": {
					"effect": "minecraft:saturation",
					"duration": 6,
					"amplifier": 0			
				}
			},
			{
				"type": "origins:execute_command",
				"command": "playsound minecraft:entity.phantom.bite voice @s",
				"permission_level": 4
			}
		]
	},
	"condition": {
		"type": "origins:fall_flying"
	},
	"cooldown": 120,
	"hud_render": {
		"should_render": false
	},
	"name": "Bite",
	"description": "Taking a bite out of your enemies heals you."
}