{
  "type": "origins:active_self",
  "entity_action": {
    "type": "origins:and",
    "actions": [
      {
        "type": "origins:change_resource",
        "resource": "mcvamon:bone_bar",
        "change": 3
      },
      {
        "type": "origins:execute_command",
        "command": "clear @s minecraft:bone_block 1",
        "permission_level": 4
      },
      {
	"type": "origins:execute_command",
	"command": "playsound minecraft:entity.skeleton.ambient voice @s",
	"permission_level": 4
      }
    ]
  },
  "item_action": {
    "type": "origins:consume",
    "amount": 1
  },
  "hud_render": {
    "should_render": false
  },
  "cooldown": 1,
  "condition": {
    "type": "origins:and",
    "conditions": [
      {
        "type": "origins:resource",
        "resource": "mcvamon:bone_bar",
        "comparison": "<",
        "compare_to": 21.0
      },
      {
        "type": "origins:equipped_item",
        "equipment_slot": "mainhand",
        "item_condition": {
          "type": "origins:ingredient",
          "ingredient": { 
		"item": "minecraft:bone_block" 
	  }
        }
      },
      {
        "type": "origins:sneaking",
        "inverted": true
      }
    ]
  },
  "key": "secondary",
  "hidden": true
}