{
	"type": "origins:self_action_when_hit",
	"entity_action": {
		"type": "origins:and",
		"actions": [
		    {
			"type": "origins:change_resource",
			"resource": "mcvamon:bone_bar",
			"change": -3
		    },
		    {
			"type": "origins:execute_command",
			"command": "playsound minecraft:entity.skeleton.hurt voice @s",
			"permission_level": 4
		    }
		]
	},
  	"damage_condition": {
   		"type": "origins:amount",
    		"comparison": ">=",
    		"compare_to": 2.0
	},
	"cooldown": 60,
	"hud_render": {
		"should_render": false
	},	
	"name": "Bone Armor",
	"description": "Protect yourself, put some bones on your bones! Use the secondary active power while not sneaking and holding a bone. Can armor yourself with up to 7 bones."
}