{
    "type":"origins:active_self",
    "entity_action": {
	"type": "origins:and",
	"actions": [
		{
		        "type":"origins:add_velocity",
		        "y": 2
		},
		{
			"type": "origins:execute_command",
			"command": "playsound minecraft:entity.slime.squish voice @s",
			"permission_level": 4
		}
	]
    },
    "hud_render": {
        "should_render": true,
	"sprite_location": "origins:textures/gui/community/spiderkolo/resource_bar_03.png",
	"bar_index": 21
    },
    "key": "primary",
    "cooldown": 20,
    "name":"Bouncy",
    "description":"You're very bouncy, primary active power to big jump."
}