{
	"type": "origins:action_over_time",
	"entity_action": {
		"type": "origins:apply_effect",
		"effect": {
			"effect": "minecraft:luck",
			"duration": 40,
			"amplifier": 0,
			"show_icon": false
		}	
	},
	"interval": 20,
	"condition": {
		"type": "origins:equipped_item",
		"equipment_slot": "mainhand",
		"item_condition": {
		    "type": "origins:and",
		    "conditions": [
		  	{
			"type": "origins:ingredient",
			"ingredient": {
				"item": "minecraft:bow"
			  }
			},
			{
			"type": "origins:enchantment",
			"enchantment": "minecraft:vanishing_curse",
			"comparison": ">",
			"compare_to": 0
			}
		]
	    }
	},
	"hidden": true			
}