{
  "type": "origins:self_action_when_hit",
  "entity_action": {
      "type": "origins:chance",
      "chance": 0.2,
      "action": {
	"type": "origins:and",
	"actions": [
	  {
           	"type": "origins:spawn_entity",
            	"entity_type": "minecraft:slime",
            	"tag": "{Size: 0}"
          },
	  {
		"type": "origins:execute_command",
		"command": "playsound minecraft:entity.slime.hurt voice @s",
		"permission_level": 4
	  }
	]
     }
  },
  "damage_condition": {
	"type": "origins:amount",
	"comparison": ">=",
	"compare_to": 4.0
  },
  "cooldown": 3600,
  "hud_render": {
	"should_render": false
  },
  "name": "Break Apart",
  "description": "When hit you have a chance to create small slimes."
}