{
  "type": "origins:burn",
  "interval": 20,
  "burn_duration": 6,
  "condition": {
    "type": "origins:and",
	"conditions": [
	    {
	    	"type": "origins:exposed_to_sun"
	    },
	    {
        	"type": "origins:invisible",
        	"inverted": true
     	    },
	    {
	    	"type": "origins:equipped_item",
	  	"equipment_slot": "head",
            	"item_condition": {
		  	"type": "origins:ingredient",
		  	"ingredient": {
				"item": "minecraft:netherite_helmet"
			}
	     	},
		"inverted": true
	     }
	]
  },
  "name": "Photoallergic",
  "description": "As an undead you burn in sunlight. A Netherite Helmet can protect you."
}