{
	"type": "origins:active_self",
	"entity_action": {
  		"type": "origins:execute_command",
 		"command": "give @s minecraft:arrow 4",
		"permission_level": 4
	},
	"condition": {
        	"type": "origins:sneaking",
        	"inverted": true
      	},
	"key": "primary",
	"cooldown": 1200,
	"hud_render": {
		"should_render": true,
		"bar_index": 5
	},
	"name": "Master Fletcher",
	"description": "Your are able to produce a few arrows regardless of materials with your primary active power."
}