{
  "type": "origins:active_self",
  "entity_action": {
    "type": "origins:and",
    "actions": [
      {
        "type": "origins:heal",
	"amount": 4
      },
      {
        "type": "origins:execute_command",
        "command": "clear @s minecraft:milk_bucket 1",
        "permission_level": 4
      },
      {
        "type": "origins:execute_command",
        "command": "give @s minecraft:bucket 1",
        "permission_level": 4
      },
      {
	"type": "origins:execute_command",
	"command": "playsound minecraft:item.bucket.empty voice @s",
	"permission_level": 4
      }
    ]
  },
  "hud_render": {
    "should_render": false
  },
  "cooldown": 120,
  "condition": {
    "type": "origins:and",
    "conditions": [
      {
        "type": "origins:equipped_item",
        "equipment_slot": "mainhand",
        "item_condition": {
          "type": "origins:ingredient",
          "ingredient": { 
		"item": "minecraft:milk_bucket" 
	  }
        }
      },
      {
        "type": "origins:sneaking",
        "inverted": false
      }
    ]
  },
  "key": "secondary",  
  "name": "Milk is Good for Bones",
  "description": "Use some milk using the secondary active power while sneaking. Where does it go? No one knows."
}