{
	"type": "origins:action_over_time",
	"entity_action": {
		"type": "origins:apply_effect",
		"effect": {
			"effect": "minecraft:luck",
			"duration": 20,
			"amplifier": 0
		}
	},
	"interval": 20,
	"condition": {
		"type": "origins:equipped_item",
		"equipment_slot": "mainhand",
		"item_condition": {
			"type": "origins:ingredient",
			"ingredient": {
				"item": "minecraft:fishing_rod"
			}
		}
	},
	"name": "Fish Whisperer",
	"description": "You are innately good at fishing."			
}