{
	"type": "origins:active_self",
	"entity_action": {
		"type": "origins:and",
		"actions": [
		      {
		        "type": "origins:execute_command",
		        "command": "clear @s minecraft:stick 1",
		        "permission_level": 4
		      },
		      {
		        "type": "origins:execute_command",
		        "command": "clear @s minecraft:string 1",
		        "permission_level": 4
		      },
		      {
		        "type": "origins:execute_command",
        		"command": "execute run function mcvamon:rod",
		        "permission_level": 4
		      },
      		      {
			"type": "origins:execute_command",
			"command": "playsound minecraft:entity.item.pickup voice @s",
			"permission_level": 4
      		      }
		]
	},
  "item_action": {
    "type": "origins:consume",
    "amount": 2
  },
  "hud_render": {
    "should_render": false
  },
  "cooldown": 1,
  "condition": {
	"type": "origins:or",
	"conditions": [
	{
    "type": "origins:and",
    "conditions": [
	{
        "type": "origins:equipped_item",
        "equipment_slot": "offhand",
        "item_condition": {
          "type": "origins:ingredient",
          "ingredient": { 
		"item": "minecraft:stick" 
	  }
        }
      },
      {
        "type": "origins:equipped_item",
        "equipment_slot": "mainhand",
        "item_condition": {
          "type": "origins:ingredient",
          "ingredient": { 
		"item": "minecraft:string" 
	  }
        }
      }
    ]
	},
	{
    "type": "origins:and",
    "conditions": [
      {
        "type": "origins:equipped_item",
        "equipment_slot": "mainhand",
        "item_condition": {
          "type": "origins:ingredient",
          "ingredient": { 
		"item": "minecraft:stick" 
	  }
        }
      },
      {
        "type": "origins:equipped_item",
        "equipment_slot": "offhand",
        "item_condition": {
          "type": "origins:ingredient",
          "ingredient": { 
		"item": "minecraft:string" 
	  }
        }
      }
    ]
	}
	]
  },
  "key": "secondary",
  "name": "Fishing Rod Making",
  "description": "You can create an enticing fishing rod 1/3 the cost by using the secondary power while holding a stick and a string, but it will disappear when you die."
}