{
	"type": "origins:action_over_time",
	"entity_action": {
		"type": "origins:and",
		"actions": [
			{
				"type": "origins:add_velocity",
				"z": 0.0825,
				"space": "local"
			},
			{
				"type": "origins:exhaust",
				"interval": 4,
				"amount": 0.6
			}
		]
	},
	"interval": 2,
	"condition": {
		"type": "origins:and",
		"conditions": [
			{
				"type": "origins:fall_flying"
			},
			{
				"type": "origins:sprinting"
			}
		]
	},
	"name": "Flight",
	"description": "Sprinting while gliding allows you to gain forward velocity but makes you hungry."
}