{
  "type": "origins:active_self",
  "entity_action": {
    "type": "origins:and",
    "actions": [
      {
        "type": "origins:damage",
	"amount": 4,
	"source": {
		"name": "generic",
		"bypasses_armor": true
	}
      },
      {
        "type": "origins:execute_command",
        "command": "give @s minecraft:slime_ball 1",
        "permission_level": 4
      },
      {
	"type": "origins:execute_command",
	"command": "playsound minecraft:entity.slime.hurt_small voice @s",
	"permission_level": 4
      }
    ]
  },
  "hud_render": {
    "should_render": false
  },
  "cooldown": 120,
  "key": "secondary",  
  "name": "Got Slime",
  "description": "Need slime? You're made of the stuff. Just cut some off (secondary power). Careful, it hurts!"
}