{
  "type": "origins:active_self",
  "entity_action": {
    "type": "origins:if_else",
    "condition": {
	"type": "origins:status_effect",
	"effect": "minecraft:invisibility"
    },
    "if_action": {
  	"type": "origins:clear_effect",
  	"effect": "minecraft:invisibility"
    },
    "else_action": {
      "type": "origins:if_else",
      "condition": {
        	 "type": "origins:resource",
	          "resource": "mcvamon:invisibility_bar",
	          "comparison": ">=",
	          "compare_to": 30
      },
      "if_action": {
	      "type": "origins:and",
	      "actions": [
	        {
		        "type": "origins:apply_effect",
		        "effect": {
			       "effect": "minecraft:invisibility",
			       "duration": 600,
			       "amplifier": 1
		        }
	        },
	        {
	        	"type": "origins:extinguish"
	        }
	      ]
      }
    }
  },
  "cooldown": 20,
  "hud_render": {
    "should_render": false
  },
  "key": "primary",
  "name": "Hide",
  "description": "You can turn invisible using the primary active power."
}