{
  "name": "Join Phantom",
  "hidden": true,
  "type": "origins:action_over_time",
  "interval": 20,
  "entity_action": {
    "type": "origins:and",
    "actions": [
      {
        "type":"origins:execute_command",
        "command": "team add Phantom",
        "permission_level": 4
      }, {
        "type":"origins:execute_command",
        "command": "team join Phantom @p",
        "permission_level": 4
      }, {
        "type": "origins:execute_command",
        "command": "team join Phantom @e[type=minecraft:phantom]",
        "permission_level": 4
      }
    ]
  }
}