{
  "name": "Join Slimes",
  "hidden": true,
  "type": "origins:action_over_time",
  "interval": 20,
  "entity_action": {
    "type": "origins:and",
    "actions": [
      {
        "type":"origins:execute_command",
        "command": "team add Slime",
        "permission_level": 4
      }, {
        "type":"origins:execute_command",
        "command": "team join Slime @p",
        "permission_level": 4
      }, {
        "type": "origins:execute_command",
        "command": "team join Slime @e[type=minecraft:slime]",
        "permission_level": 4
      }
    ]
  }
}