{
  "name": "Join Drowned",
  "hidden": true,
  "type": "origins:action_over_time",
  "interval": 20,
  "entity_action": {
    "type": "origins:and",
    "actions": [
      {
        "type":"origins:execute_command",
        "command": "team add Drowned",
        "permission_level": 4
      }, {
        "type":"origins:execute_command",
        "command": "team join Drowned @p",
        "permission_level": 4
      }, {
        "type": "origins:execute_command",
        "command": "team join Drowned @e[type=minecraft:drowned]",
        "permission_level": 4
      }
    ]
  }
}