{
	"type": "origins:self_action_when_hit",
	"entity_action": {
		"type": "origins:chance",
		"action": {
			"type": "origins:apply_effect",
			"effect": {
				"effect": "minecraft:instant_damage",
				"amplifier": 1,
				"duration": 1
			}
		},
		"chance": 0.2
	},
	"condition": {
		"type": "origins:equipped_item",
		"equipment_slot": "offhand",
		"item_condition": {
			"type": "origins:ingredient",
			"ingredient": {
				"item": "minecraft:nautilus_shell"
			}
		}
	},
	"cooldown": 20,
	"name": "Lucky Shell",
	"description": "You can't say for sure, but you feel holding a Nautilus Shell in your off hand brings you luck."			
}