{
	"type": "origins:action_over_time",
	"entity_action": {
	    "type": "origins:if_else",
	    "condition": {
		"type": "origins:submerged_in",
		"fluid": "minecraft:water"
	    },
	    "if_action": {
		"type": "origins:change_resource",
		"resource": "mcvamon:wettness_bar",
		"change": 1
	    },
	    "else_action": {
	    "type": "origins:if_else",
		"condition": {
			"type": "origins:and",
			"conditions": [
			    {
				"type": "origins:in_rain"
			    },
			    {
				"type": "origins:resource",
				"resource": "mcvamon:wettness_bar",
				"comparison": "<",
				"compare_to": 50
			    }
			]
		},
		"if_action": {		
			"type": "origins:change_resource",
			"resource": "mcvamon:wettness_bar",
			"change": 1
		}
	    }		
	},
	"interval": 20,
	"hidden": true
}

