{
	"type": "origins:modify_damage_dealt",
	"modifier": {
		"operation": "multiply_base",
		"value": 0.5,
		"name": "more damage in the swamp"
	},
	"condition": {
		"type": "origins:and",
		"conditions": [
			{
				"type": "origins:exposed_to_sun",
				"inverted": true
			},
			{
				"type": "origins:or",
				"conditions": [
				   {
					"type": "origins:biome",
					"biome": "minecraft:swamp"
				   },
				   {
					"type": "origins:biome",
					"biome": "minecraft:swamp_hills"
				   }
				]
			}
		]
	},
	"hidden": true
}