{
	"type": "origins:action_over_time",
	"entity_action": {
		"type": "origins:if_else",
		"condition": {
		   "type": "origins:and",
		   "conditions": [
			{
			"type": "origins:resource",
			"resource": "mcvamon:wettness_bar",
			"comparison": "<=",
			"compare_to": 25
			},
			{
			"type": "origins:resource",
			"resource": "mcvamon:wettness_bar",
			"comparison": ">",
			"compare_to": 0
			},
			{
			"type": "origins:submerged_in",
			"fluid": "minecraft:water",
			"inverted": true
			}
		   ]
		},
		"if_action": {	
			"type": "origins:apply_effect",
			"effect": {
				"effect": "minecraft:slowness",
				"duration": 20,
				"amplifier": 0
			}
		},
		"else_action": {
			"type": "origins:if_else",
			"condition": {
			   "type": "origins:and",
			   "conditions": [
				{
				"type": "origins:resource",
				"resource": "mcvamon:wettness_bar",
				"comparison": "<=",
				"compare_to": 50
				},
				{
				"type": "origins:resource",
				"resource": "mcvamon:wettness_bar",
				"comparison": ">",
				"compare_to": 25
				},
				{
				"type": "origins:submerged_in",
				"fluid": "minecraft:water",
				"inverted": true
				}
			   ]
			},
			"if_action": {	
				"type": "origins:apply_effect",
				"effect": {
					"effect": "minecraft:slowness",
					"duration": 20,
					"amplifier": 1
				}
			},
			"else_action": {
				"type": "origins:if_else",
				"condition": {
				   "type": "origins:and",
				   "conditions": [
					{
					"type": "origins:resource",
					"resource": "mcvamon:wettness_bar",
					"comparison": "<=",
					"compare_to": 75
					},
					{
					"type": "origins:resource",
					"resource": "mcvamon:wettness_bar",
					"comparison": ">",
					"compare_to": 50
					},
					{
					"type": "origins:submerged_in",
					"fluid": "minecraft:water",
					"inverted": true
					}
				   ]
				},
				"if_action": {	
					"type": "origins:apply_effect",
					"effect": {
						"effect": "minecraft:slowness",
						"duration": 20,
						"amplifier": 2
					}
				},
				"else_action": {
					"type": "origins:if_else",
					"condition": {
						"type": "origins:and",
				  		"conditions": [
							{
							"type": "origins:resource",
							"resource": "mcvamon:wettness_bar",
							"comparison": "<=",
							"compare_to": 100
							},
							{
							"type": "origins:resource",
							"resource": "mcvamon:wettness_bar",
							"comparison": ">",
							"compare_to": 75
							},
							{
							"type": "origins:submerged_in",
							"fluid": "minecraft:water",
							"inverted": true
							}
			   			]
					},
					"if_action": {	
						"type": "origins:apply_effect",
						"effect": {
							"effect": "minecraft:slowness",
							"duration": 20,
							"amplifier": 3
						}
					}
				}
			}
		}
	},
	"interval": 10,
	"hidden": true
}