{
	"powers": [
		"mcvamon:undead",
		"mcvamon:raw_diet",
		"mcvamon:raw_boost",
		"mcvamon:iron_gut",
		"mcvamon:undead_vigor",
		"mcvamon:undead_lungs",
		"mcvamon:fishing_luck",
		"mcvamon:fishing_lure",
		"mcvamon:lucky_shell",
		"mcvamon:soak",
		"mcvamon:dryout",
		"mcvamon:dryout_faster",
		"mcvamon:wet_to_dry",
		"mcvamon:burn_in_daylight_wet",
		"mcvamon:starting_trident",
		"mcvamon:summon_trident",
		"mcvamon:water_vision",
		"origins:aqua_affinity",
		"mcvamon:swim_speed",
		"origins:like_water",
		"mcvamon:restrictions",
		"mcvamon:wettness_bar",
		"mcvamon:shipwreck_spawn",
		"mcvamon:gurgle"
	],
	"icon": "minecraft:trident",
	"order": 20,
	"impact": 3,
	"name": "Drowned",
	"description": "You are one of the trident wielding drowned, an undead being at home in the ocean but awkward on land."
}