{
	"replace": true,
	"powers": [		
		"mcvamon:undead",
		"mcvamon:burn_in_daylight",
		"mcvamon:fragile",
		"mcvamon:iron_gut",
		"mcvamon:raw_diet",
		"mcvamon:raw_boost",
		"mcvamon:undead_vigor",
		"mcvamon:undead_lungs",
		"mcvamon:swim_speed",
		"origins:elytra",
		"mcvamon:flight_use",
		"mcvamon:slowfall",
		"mcvamon:always_be_flying",
		"origins:aerial_combatant",
		"mcvamon:light_armor",
		"mcvamon:bite",
		"mcvamon:night_vision_weak",
		"mcvamon:invisibility_bar",
		"mcvamon:invisibility_changes",
		"mcvamon:hiding",
		"mcvamon:join_phantom",
		"mcvamon:fear_of_cats",
		"mcvamon:no_blind"
	],
	"icon": "minecraft:phantom_membrane",
	"order": 2,
	"impact": 3,
	"name": "Phantom",
	"description": "You are a bat-like undead, at home in the night sky." 
}