{
	"powers": [		
		"mcvamon:undead",
		"mcvamon:burn_in_daylight_bone",		
		"mcvamon:starting_bow",
		"mcvamon:archer",
		"mcvamon:bow_luck",
		"mcvamon:create_arrow",
		"mcvamon:create_bow",
		"mcvamon:weapons_limit",
		"mcvamon:no_shield",
		"mcvamon:life_steal",
		"mcvamon:fragile",
		"mcvamon:drink_milk",
		"mcvamon:bone_armor",
		"mcvamon:bone_armor_dummy",
		"mcvamon:bone_fill",
		"mcvamon:bone_fill_dummy",
		"mcvamon:bone_bar",
		"mcvamon:undead_lungs",
		"mcvamon:no_food",
		"mcvamon:undead_vigor",
		"mcvamon:night_vision_weak",
		"mcvamon:mineshaft_spawn",
		"mcvamon:rattle"
	],
	"icon": "minecraft:bone",
	"order": 21,
	"impact": 3,
	"name": "Skeleton",
	"description": "You are a common skeleton archer." 
}