{
	"powers": [
		"mcvamon:particle",
		"mcvamon:no_legs",
		"mcvamon:bouncy",
		"mcvamon:jump_boost",
		"mcvamon:break_apart",
		"mcvamon:slime_green",
		"mcvamon:join_slimes",
		"origins:fragile",
		"origins:no_shield",
		"mcvamon:less_damage",
		"mcvamon:weak_hits",
		"mcvamon:swamp_boost",
		"mcvamon:squish",
		"mcvamon:get_slime"
	],
	"icon": "minecraft:slime_ball",
	"order": 20,
	"impact": 1,
    	"name": "Slime",
	"description": "You are a slime, most at home in the swamp."
}